{
    "fx": 1.08456592e+03,
    "fy": 1.09522602e+03,
    "cx": 6.59471429e+02,
    "cy": 3.42810039e+02
  }