{
    "fx": 309.37001417,
    "fy": 338.45107844,
    "cx": 308.97318988,
    "cy": 275.75659515,
    "dist": [ 2.89532132e-01,6.50165474e+00,-3.24523514e-01 ,3.51447603e-02,-1.28031722e+02]
  }