{
    "fx": 282.75699782,
    "fy": 233.67106069,
    "cx": 88.40734284,
    "cy": 59.56460759,
    "dist": [ 2.89532132e-01,6.50165474e+00,-3.24523514e-01 ,3.51447603e-02,-1.28031722e+02]
  }